id,brand,name,price,price_promo
155971707,DEMETRA,Рубашка теплая в клетку оверсайз,7350,999
105250918,Lady of the moon,Блузка женская праздничная с длинным рукавом офисный стиль,5867,750
173952680,gooji,Рубашка в клетку оверсайз свободная,7500,1980
169875051,TFcollection,Рубашка оверсайз в полоску,7000,1456
117270507,Tati's,Рубашка розовая оверсайз хлопок,5750,828
96379345,LOVCLOT,Блузка боди,5000,1240
108444037,TEINA MODE,Блузка нарядная больших размеров праздничная,2500,1060
143415265,Iho wear,Рубашка черная оверсайз для офиса и школы,5550,888
127902473,Moremio,Блузка боди новогодняя бархатная с пышными рукавами,6304,1563
158370651,VAW,Рубашка хаки оверсайз из хлопка,6000,1584
154021724,Miss Top,Рубашка оверсайз с длинным рукавом,2850,729
167646964,Limonti,Белая рубашка офисная оверсайз,5998,1871
103544962,РОЗА,Шелковая рубашка оверсайз Блузка атласная офисная школьная,8199,1049
169609291,Bella Mia,Рубашка удлиненная больших размеров,5100,1550
10837588,FollowMe,Рубашка оверсайз удлиненная черная год дракона 2024,5489,2590
165955381,Gloria Jeans,Чёрная сатиновая рубашка Loose fit,2499,999
176557632,Ademo,Блузка нарядная с длинным рукавом,8780,983
87292120,LIVAZE,Блузка нарядная офисная,2800,716
159847106,BE BLESSED,Рубашка Теплая в Клетку Оверсайз,7900,1390
123998167,EDELLA,Рубашка в клетку теплая оверсайз,7700,1108
179326464,NewStar,рубашка приталенная классическая,1499,863
164867540,Mario Mikke,Рубашка с пышными рукавами,5729,1191
162552734,StatusStyle,Рубашка укороченная оверсайз,6122,881
70066452,LOOKCOCO,Оверсайз рубашка однотонная базовая,5900,613
15472674,Alla Buone,Блузка-боди,2000,480
167122459,MY МОДА,Рубашка оверсайз блузка школьная офисная,4500,1152
174219392,ROMANTIC,"Атласная рубашка oversize, удлиненная туника из шелка",5850,1076
149781678,SF SELFIE,Рубашка оверсайз классическая,5590,939
147028308,Iskrenne,Рубашка офисная оверсайз длинная,7140,1428
113257141,yokomenoko,Рубашка школа офис большие,3599,719
176919982,Stocrame,Блузка праздничная нарядная офисная,3450,1076
186898362,ZARINA,Блузка нарядная вечерняя с кружевом,3799,1762
12422238,Olesa Chugunova,Рубашка базовая прямая,7400,1184
160585517,ReLait,рубашка офисная оверсайз белая,6495,987
110665147,Camicia,блузка рубашка офисная,4847,504
155616345,ТВОЕ,Женская классическая рубашка на выпуск,1699,747
165955395,Gloria Jeans,Белый укороченный джемпер Fitted с завязками,1599,276
171215230,ТВОЕ,Теплая женская рубашка оверсайз с длинным рукавом,2299,680
116105188,WITH STREET,Блузка офисная больших размеров,2520,1008
173120709,Donna Ricca,Блуза белая шелковая,4500,1044
132681970,ELIS,Блузка,4906,1098
169884708,Gloria Jeans,Чёрный кроп-топ с вырезом,999,363
180123175,ZARINA,Блузка боди с длинным рукавом нарядная с принтом,2899,1368
139193086,OFIS,Классическая блузка офисная на работу и в школу,4000,1152
156380793,LIVAZE,Блузка нарядная праздничная шелковая,4200,1075
181605954,ARZUwear,Рубашка офисная больших размеров,3700,1124
116570072,Cassa Marina,"Рубашка классическая прямая в офис, школу",4998,1479
96116423,Beige Island,Рубашка оверсайз с объемными рукавами фонариками,3890,1556
171692334,Camicia,"Блузка школьная с длинным рукавом, для офиса",5000,720
187759939,Qury,Рубашка вечерняя больших размеров,4899,2665
147291066,Alessa,Блузка офисная с длинным рукавом рубашка,7400,1065
167157715,Camicia,Блузка офисная нарядная,4500,720
146157214,By Babur,Рубашка в офис праздничная рукава фонарики,3290,1500
182586643,ZARINA,Бархатная блузка нарядная с рукавом фонарик,3199,2175
155255336,Concept Club,Блузка с коротким рукавом,1339,341
50836435,AM One,Блузка офисная шелковая,3890,1773
97533212,Beige Island,Рубашка оверсайз классическая,2900,1160
139927930,NEONIKS,Рубашка оверсайз шелковая блузка офис,16290,1824
168491715,Zolla,Блузка женская,1399,615
173158750,M&V Shopping,Укороченная блузка праздничная,10250,1148
125152794,INCREDBLE,Боди черный со шнуровкой с длинным рукавом,4149,829
173266242,TEINA MODE,Блузка нарядная больших размеров праздничная,2500,1500
189114833,MsPieces,Рубашка Теплая в Клетку Оверсайз,6400,1945
33669955,Comienzo,Рубашка хлопок летняя,6700,1822
181875249,Camicia,Блузка праздничная в офис,5000,1160
113511534,SINISTRA,Базовая блузка офисная под пиджак в школу,3900,1092
156431154,Smazlivki,Рубашка теплая замшевая оверсайз,8444,1688
170018947,Your basic,Рубашка классическая укороченная оверсайз,1395,1116
166652509,Gloria Jeans,Оливковая рубашка oversize с нагрудным карманом с нашивкой,1799,489
32815644,IDGem,Льняная рубашка оверсайз базовая,5990,2300
70143078,Say Love,Рубашка оверсайз офисная школьная с боковыми пуговицами,5600,851
174212384,Chic&Grace,Блузка женская офисная рубашка с длинным рукавом праздничная,5490,439
171767056,O'STIN,Классическая женская рубашка,2299,809
159783116,Beige Island,Рубашка с рюшами офисная,3660,1464
96168970,VIT&DA,Рубашка в клетку теплая оверсайз,6810,1579
111089895,Say Love,Рубашка оверсайз офисная школьная с боковыми пуговицами,5600,851
49836580,1Beautiful Fashion1,Блузка,4000,1664
143419150,Iho wear,Рубашка черная оверсайз для офиса и школы,5550,888
95576907,9b store,Рубашка оверсайз,4000,416
166207945,LIVAZE,Блузка нарядная праздничная офис,4200,1075
169089700,O'STIN,Рубашка текстильная с отложным воротником,1599,805
11961814,IDGem,Льняная рубашка оверсайз,5990,2348
134020201,WITH STREET,Блузка с длинным рукавом больших размеров,2520,967
177713949,ANNEN,Рубашка белая хлопок,4500,972
166254291,Belly,Блузка белая оверсайз с длинным рукавом в школу и офис,4000,800
143126602,MARMO,Блузка нарядная вечерняя,7100,1192
116570125,Cassa Marina,Рубашка оверсайз,5000,1280
159404025,UBLOSSOM,Рубашка шелковая оверсайз нарядная в офис блузка,3900,1840
104552384,Malozemoff,Рубашка офисная приталенная,2618,586
193469808,NAMA,Боди с длинным рукавом вечернее утягивающее,3999,1471
170857053,Camicia,Блузка школьная офисная нарядная,4940,711
175583956,Baju,Блузка женская праздничная Офисная черная рукава фонарики,4990,758
177025703,"Come on, baby",Блузка с длинным рукавом фонарик,2977,1119
165567893,FUNDAY,Блузка текстильная демисезонная без рукавов,799,402
191627730,CITYTONE,Блузка укороченная нарядная праздничная,8500,1904
165567935,FUNDAY,Женская короткая хлопковая рубашка с принтом,1199,479
144339505,BETRENDY WEAR,Рубашка оверсайз в клетку,4723,1586
141238390,Fa-style,Рубашка женская легкий оверсайз,6000,768
165365479,Gloria Jeans,Белая рубашка oversize с воротником,2499,479
169609285,Bella Mia,Рубашка удлиненная больших размеров леопард,5100,1876
170389877,Camicia,Блузка нарядная офисная,4742,910
149781676,SF SELFIE,Рубашка оверсайз классическая,5590,939
174937502,LADY OF THE MOON,Блузка офисная с длинным рукавом,5875,987
152575299,Iskrenne,Рубашка оверсайз длинная черная,8144,1628
166937451,Zolla,Рубашка женская,1799,719
138547626,Gloria Jeans,Рубашка oversize из фланели в клетку,2499,799
123815598,LOVCLOT,Блузка боди,5000,1240
36601548,Diona,Рубашка,3400,816
33998099,ZHUKOVA CARE,Белая рубашка оверсайз офисная и в школу блузка,5607,986
96698161,BE BLESSED,Рубашка Теплая в Клетку Оверсайз,6400,1331
176548656,OMF.brand,Рубашка оверсайз удлиненная,5100,1305
180031982,SOLEIL you,Рубашка шелковая оверсайз атласная в офис,10000,1920
45952823,Alessa,Рубашка офисная осенняя хлопок,7935,1269
175551690,Aree clothes,Рубашка повседневная нарядная легкая удлиненная вельветовая,7999,959
182586592,ZARINA,Боди с вырезом с длинным рукавом базовое,1799,561
169346392,FUNDAY,Блузка текстильная демисезонная с длинным рукавом,1499,647
96379346,LOVCLOT,Блузка боди,5000,1160
176260767,Apparelle,Рубашка корсетного типа с длинным рукавом,5714,1371
195813024,L&H fashion,Блузка боди с длинным рукавом вечернее утягивающее,3500,1568
170857052,Camicia,Блузка нарядная,5030,563
169793967,JOY LOLA,Рубашка оверсайз больших размеров,4925,1576
166896510,Gloria Jeans,Чёрная свободная блузка с принтом,1999,719
173290968,LaOla-style,Рубашка классическая офисная оверсайз,7336,1173
166896619,Gloria Jeans,Молочная свободная блузка с принтом,1999,719
96113127,Beige Island,Рубашка оверсайз с объемными рукавами фонариками,3390,1356
139638816,Iho wear,Блузка нарядная с длинным рукавом офисная,3500,560
189535314,MilAni,Рубашка белая твидовая оверсайз,4900,2548
114324940,ANNEN,Блузка нарядная с широкими рукавами,5300,1441
171171105,TIHEYA,Рубашка блузка оверсайз шелковая нарядная в школу в офис,2490,1673
111089894,Say Love,Рубашка оверсайз офисная школьная с боковыми пуговицами,5600,851
73397454,AAilin,Блузка офисная нарядная без рукавов,2200,440
181587655,MOVATTY,Блузка нарядная с длинным рукавом офисная школьная,4945,1305
67523754,Moon Rose,Блузка оверсайз атласная нарядная,3899,1559
169793968,JOY LOLA,Рубашка оверсайз больших размеров,4750,1520
138764887,Mil&Ti design,Рубашка теплая оверсайз,8000,1920
177882229,Ayclo,Рубашка черная шелковая оверсайз с рукавом для офиса и школы,10000,1200
160036300,UNIQUE WOMEN'S CLOTHING,Рубашка оверсайз белая,2500,600
191262820,Chiffon,Блузка вечерняя с длинным рукавом,4730,1551
166816087,LADY OF THE MOON,Блузка офисная с длинным рукавом,6100,1073
170760938,Lumière Elégante,Блузка офисная с длинным рукавом нарядная,3020,1135
165288252,GOLDMOON STORE,Рубашка оверсайз белая хлопок,5500,968
102248012,Elimi,Рубашка белая оверсайз блузка офисная с длинным рукавом,4640,1113
154536447,POST DATON,Офисная школьная блузка летняя,5247,839
170108399,O'STIN,Свободная женская хлопковая рубашка оверсайз,2599,1122
169582274,AVAGURA,блузка из вискозы,2400,979
65853235,AAilin,Блузка офисная нарядная больших размеров,2200,528
159281540,SINISTRA,Базовая блузка офисная под пиджак в школу,3900,967
151538752,Merandi,Блузка школьная офисная без рукавов,3000,768
180082538,MPX women,Блузка с длинным рукавом,3850,985
175706817,AIDEMI,Блузка праздничная офисная,3000,912
128560149,TIHEYA,Рубашка блузка оверсайз шелковая нарядная в школу в офис,2490,1673
91094806,ArDanix,блузка офисная повседневная,4000,1248
175144363,NORE MORE,Блузка офисная с длинным рукавом,2900,765
162410566,ANNEN,Блузка с бантом атласная нарядная,4900,1293
106361595,Mil&Ti design,Рубашка теплая оверсайз,8000,1728
158372132,VAW,Рубашка розовая оверсайз хлопок,6000,1584
167872377,NK Market,блузка леопардовая праздничная вечерняя,6500,1248
115457421,Harizmic,Рубашка оверсайз в клетку,5499,1891
178198624,BETRENDY WEAR,Рубашка оверсайз в клетку с воланами,8000,2368
189514551,Natali Ego,Рубашка белая оверсайз хлопковая для офиса и школы,6150,836
170857048,Camicia,Блузка нарядная офисная,5000,560
174865709,Gloria Jeans,Белая рубашка oversize,2499,799
164746685,O'STIN,Блузка женская оверсайз с металлическими пуговицами,2299,496
18168308,Duechento,Рубашка офисная хлопок,6999,1959
10147914,A-A Awesome Apparel by Ksenia Avakyan,Офисная блузка,3471,472
163168134,AlKsen,Рубашка оверсайз,6470,931
144338790,BETRENDY WEAR,Рубашка оверсайз в клетку,4723,1624
131552378,NEONIKS,Рубашка оверсайз шелковая блузка офис,15140,1695
177628782,SoulMade,Рубашка укороченная школьная хлопковая,5400,907
164454490,MIRISTAL,Рубашка оверсайз хлопок,6000,1440
169163643,JR MODA,Рубашка в клетку оверсайз теплая длинная,5100,1346
140043676,TOPTOP,Рубашка офисная,6990,2236
166896387,Gloria Jeans,Белая классическая рубашка straight,1399,445
173927327,Podborka,Укороченная школьная оверсайз рубашка,2200,968
157377499,Jelika,Блузка женская летняя с коротким рукавом оверсайз бордовая,1799,360
126017474,Moor,Рубашка оверсайз фукси,6148,1180
122032504,OLESA CHUGUNOVA,Рубашка оверсайз базовая для офиса и школы,5500,1496
192800340,ESTILARY,Рубашка женская оверсайз белая двухцветная хлопок,7100,2953
174143640,#1 rumors,Рубашка укороченная оверсайз,3350,777
176325411,Befree,Боди-водолазка хлопковая в рубчик,2099,957
150543069,Jelika,Блузка женская белая оверсайз с коротким рукавом летняя,1799,425
95319231,Vando CHIC,Рубашка в клетку утепленная оверсайз,3500,1148
178841922,Splensilk,Блузка рубашка шелковая офисная,13210,8560
38709879,Darya Selskaya,Рубашка офисная базовая оверсайз,2130,852
96168969,VIT&DA,Рубашка в клетку теплая оверсайз,6810,1579
75060053,Alessa,Рубашка офисная базовая осень,7380,1180
164959649,BEPROOF,Рубашка оверсайз офисная хлопок,6500,1300
179365159,Camicia,блузка нарядная офисная,4940,829
43647772,ENGI BAR,Рубашка на завязках,5400,2160
143715462,ReLait,блузка боди с квадратным вырезом,8927,1214
119311765,Anna Vorobyeva,Рубашка классическая из экокожи прямая удлиненная,6250,2600
18968819,SEZONI,Блузка с коротким рукавом,2800,470
175762683,AVRON,Рубашка оверсайз базовая для офиса и школы,3218,1106
127862163,Attalea,Рубашка оверсайз,5200,832
178012246,LOVE REPUBLIC,Блузка,2999,959
170761688,NIKKI,Рубашка летняя оверсайз в клетку хлопок,6900,1656
173714613,NORE MORE,Блузка нарядная больших размеров в офис,2500,820
64061332,la selva,Нарядная блузка шелковая офисная,8600,3096
10147924,A-A Awesome Apparel by Ksenia Avakyan,Блузка базовая,3692,436
165792480,Anamarie,Блузка вечерняя с коротким рукавом CHIC,3000,480
74299675,Iho wear,Рубашка белая оверсайз для офиса и школы,4680,748
80012708,OLESA CHUGUNOVA,Рубашка оверсайз базовая для офиса и школы,6048,919
166814232,LADY OF THE MOON,Блузка офисная с длинным рукавом,5845,888
118686275,TEINA MODE,Блузка нарядная больших размеров праздничная,2500,1080
167157731,Camicia,Блузка офисная нарядная,6200,942
118685944,TEINA MODE,Блузка нарядная больших размеров праздничная,2500,1060
150840240,Joli BRAND,Боди женское с длинным рукавом вечернее утягивающее,3873,1549
173921806,Ani Art,Рубашка оверсайз в клетку тёплая,5800,1067
49441110,MIRONI,Рубашка хлопок оверсайз больших размеров,5000,1800
35275972,CO'ST,Рубашка короткая оверсайз,5400,907
45733680,ZHUKOVA CARE,Черная рубашка оверсайз офисная и в школу блузка,5700,1140
180866023,OFIS,Блузка нарядная праздничная вечерняя новогодняя,4990,1357
9750659,MIRONI,Рубашка оверсайз белая хлопок,5000,1800
57736004,GREMOLLI,Рубашка белая с коротким рукавом и лонгслив,5990,1581
39565985,Say Love,Рубашка оверсайз офисная школьная с боковыми пуговицами,5600,851
118666104,TEINA MODE,Блузка нарядная больших размеров праздничная,2500,1060
13894376,Malozemoff,Рубашка офисная приталенная,2655,594
25347110,LaVerita,"Рубашка офисная оверсайз, школьная",7080,1246
119411400,LemonGrass,Рубашка шелковая,2000,1088
158369572,VAW,Рубашка черная оверсайз хлопок,6000,1584
175762676,AVRON,Рубашка оверсайз базовая для офиса и школы,3218,1106
36091907,ANNEN,Рубашка оверсайз базовая для офиса и школы,4500,1044
105909855,PaNDuM,Рубашка блузка оверсайз шелковая праздничная,7000,1064
128547051,TIHEYA,Рубашка блузка оверсайз шелковая нарядная в школу в офис,2490,1673
174178686,BAYANKATE,Oversize клетчатая рубашка,5680,2499
113976323,TICKETY BOO,Блузка,5455,960
173979986,Ani Art,Рубашка оверсайз школьная офисная блузка хлопок,3372,782
170011461,VITOCLO,Комплект базовая рубашка черный лонгслив,3390,1139
100050047,WITH STREET,Блузка офисная больших размеров,1790,773
86214482,Moon Rose,Блузка шелковая нарядная,3549,1419
174667436,AOX,рубашка оверсайз базовая классическая для офиса и школы,3290,684
135891594,Pinti,Боди с длинным рукавом,4400,985
166818967,LADY OF THE MOON,Блузка офисная с коротким рукавом,3950,568
172718538,O'STIN,Женская рубашка из хлопка,2599,1122
154951313,Podborka,Укороченная рубашка оверсайз хлопок офисная,2200,756
118666183,TEINA MODE,Блузка нарядная офисная больших размеров,2500,880
140427877,Alessa,Рубашка хлопковая зеленая на осень,7425,1128
146588156,Joli BRAND,Боди женское с длинным рукавом черное вечернее утягивающее,3873,1549
146160051,Alessa,Блузка праздничная шелковая,8413,1547
132627092,Iho wear,Блузка нарядная с длинным рукавом офисная,4130,561
175604747,MOVATTY,Блузка женская с длинным рукавом нарядная офисная белая,5000,1320
94870501,LYB,Рубашка оверсайз классическая базовая для офиса и школы,5700,912
161324024,MOOON,Белая рубашка офисная оверсайз,3600,864
172418149,Mango,Рубашка,6999,3391
171901741,Elimi,Рубашка белая оверсайз блузка офисная с длинным рукавом,4640,1113
189535314,MilAni,Рубашка белая твидовая оверсайз,4900,2548
171104381,Gregory G.,Блузка боди женская с длинным рукавом через палец,6000,912
167155232,LADY OF THE MOON,Блузка офисная с коротким рукавом,3950,568
161020262,Life in StyIe,Рубашка офисная легкий оверсайз,6000,864
165365312,Gloria Jeans,Бежевая сатиновая рубашка Loose fit,2499,559
174233206,YourBestSize,блузка топ вечерняя новогодняя,6600,1320
74309173,Iho wear,Рубашка оверсайз базовая для офиса и школы,5600,896
10119823,MirrorStore,Рубашка удлиненная из хлопка оверсайз,10854,1041
171399382,Alessa,Блузка шелковая нарядная,8413,1547
171115265,Mango,Рубашка,3999,1665
172257591,4 TIMES,Рубашка оверсайз в клетку хлопковая,6630,1326
181375797,Lanali,Рубашка белая оверсайз хлопок,8000,960
160832044,UNIFIED,Кружевная блузка с длинным рукавом фонарик,7000,1680
28447279,Адель Очаровательная,Рубашка оверсайз больших размеров вельветовая,3440,1238
171966330,Alessa,Блузка нарядная шелковая,8120,1559
115457422,Harizmic,Рубашка оверсайз в клетку,5499,1891
170108216,O'STIN,Классическая женская рубашка,1599,805
168765928,Mango,Блузка,4799,1672
89072880,Darya Selskaya,Рубашка офисная базовая оверсайз,2384,953
146160350,Alessa,Блузка шелковая нарядная офис,8120,1559
175762679,AVRON,Рубашка оверсайз базовая для офиса и школы,3218,1106
144130612,Lovely dress,Рубашка оверсайз фонарик праздничная хлопок,4000,672
166814720,LADY OF THE MOON,Блузка офисная с длинным рукавом,5875,987
118964485,Formы,Рубашка теплая в клетку оверсайз,7051,1974
180505433,NAMA brand,Блузка боди нарядное с длинным рукавом,9491,987
185082671,Vasmani,Рубашка теплая в клетку оверсайз,5000,1200
170449490,Gloria Jeans,Белый базовый топ с широкими бретелями,999,363
175491680,MATTERS,Рубашка в клетку оверсайз теплая,7520,1082
172011881,AKMUR,Рубашка белая для офиса и школы,3800,912
169081822,Gloria Jeans,Оливковая блузка Loose fit,1499,527
152298172,TOPTOP,Боди с длинным рукавом,3990,2074
113510435,SINISTRA,Базовая блузка офисная под пиджак в школу,3900,998
17909608,ANNEN,Рубашка женская белая с широкими рукавами,5500,1276
165288256,GOLDMOON STORE,Рубашка оверсайз черная хлопок,5431,999
167157711,Camicia,Блузка офисная нарядная,4990,758
60607011,Basic store,Рубашка офисная нарядная оверсайз,2400,1113
158514787,WITH STREET,Блузка с длинным рукавом больших размеров,2520,1189
167152965,LADY OF THE MOON,Блузка офисная с коротким рукавом,3950,568
147268379,VAW,Рубашка белая оверсайз,6000,1584
161021728,Life in StyIe,Рубашка офисная легкий оверсайз,6000,816
118685816,TEINA MODE,Блузка нарядная больших размеров праздничная,2500,1040
90356425,Ollivander,Аниме Хаори Токийские Мстители кимоно,1800,432
34317492,Adele,Рубашка оверсайз больших размеров вельветовая,3440,1128
171124231,Mango,Рубашка,3999,1665
176311880,Dama Zhannet,Блузка нарядная с длинным рукавом для офиса,4899,666
170998051,ReLait,Блузка боди с длинным рукавом и V образным вырезом,8713,1184
165955351,Gloria Jeans,Коричневый укороченный джемпер Fitted,1599,276
98459149,ТЫ IDEAL,Блузка офисная нарядная в горошек,3000,408
52050629,Say Love,Рубашка оверсайз офисная школьная с боковыми пуговицами,5600,851
171410342,Mycloz,Рубашка укороченная оверсайз,6170,987
158150503,MB,Блузка нарядная с коротким рукавом,1242,327
158460672,VIVA VEA,Блузка нарядная с длинным рукавом в офис,5970,1241
130294962,Bella Mia,Рубашка удлиненная больших размеров,6100,1659
175144366,NORE MORE,Блузка офисная с длинным рукавом,2900,788
182586675,ZARINA,Боди с вырезом с длинным рукавом базовое,1799,402
